Workbook
Name anos: Simulador!$C$8
Name aporte: Simulador!$C$7
Name aporte_sugerido: Configuracoes!$C$9
Name dividendos: Simulador!$C$11
Name lista_perfis: Apoio!$F$4:$F$6
Name patrimonio: Simulador!$C$10
Name pct_sugestao: Configuracoes!$C$8
Name perfil: Simulador!$G$7
Name salario: Configuracoes!$C$6
Name tab_perfis: Apoio!$A$4:$D$21
Name taxa_mensal: Configuracoes!$C$7

Sheet Simulador
B2: VEXO INVEST · Simulador de Fundos Imobiliários
B6: 1. Suas respostas | F6: 4. Divisão do aporte por perfil
B7: Quanto investir por mês? | C7: 500 | F7: Perfil do investidor | G7: Moderado
B8: Por quantos anos? | C8: 10
B9: Qual a taxa de rendimento mensal? | C9: =taxa_mensal -> 0.008 | F9: Tipo de fundo | G9: % | H9: Valor/mês
B10: Quanto de patrimônio vai acumular? | C10: =FV(taxa_mensal,anos*12,-aporte) -> 100108.73 | F10: =Apoio!I4 -> Papel (CRI/recebíveis) | G10: =VLOOKUP(perfil&F10,tab_perfis,4,FALSE) -> 0.25 | H10: =aporte*G10 -> 125
B11: Quanto vai receber de dividendos por mês? | C11: =patrimonio*taxa_mensal -> 800.86988 | F11: =Apoio!I5 -> Tijolo - Lajes corporativas | G11: =VLOOKUP(perfil&F11,tab_perfis,4,FALSE) -> 0.15 | H11: =aporte*G11 -> 75
B12: Total investido do seu bolso | C12: =aporte*anos*12 -> 60000 | F12: =Apoio!I6 -> Logística | G12: =VLOOKUP(perfil&F12,tab_perfis,4,FALSE) -> 0.2 | H12: =aporte*G12 -> 100
B13: Ganho com rendimentos | C13: =patrimonio-C12 -> 40108.735 | F13: =Apoio!I7 -> Shoppings | G13: =VLOOKUP(perfil&F13,tab_perfis,4,FALSE) -> 0.15 | H13: =aporte*G13 -> 75
F14: =Apoio!I8 -> Fundo de Fundos (FoF) | G14: =VLOOKUP(perfil&F14,tab_perfis,4,FALSE) -> 0.15 | H14: =aporte*G14 -> 75
B15: 2. Cenários de 2 a 30 anos | F15: =Apoio!I9 -> Híbrido | G15: =VLOOKUP(perfil&F15,tab_perfis,4,FALSE) -> 0.1 | H15: =aporte*G15 -> 50
B16: Prazo (anos) | C16: Patrimônio | D16: Dividendos/mês | F16: Total | G16: =SUM(G10:G15) -> 1 | H16: =SUM(H10:H15) -> 500
B17: 2 | C17: =FV(taxa_mensal,$B17*12,-aporte) -> 13171.578 | D17: =C17*taxa_mensal -> 105.37262
B18: 5 | C18: =FV(taxa_mensal,$B18*12,-aporte) -> 38311.933 | D18: =C18*taxa_mensal -> 306.49547
B19: 10 | C19: =FV(taxa_mensal,$B19*12,-aporte) -> 100108.73 | D19: =C19*taxa_mensal -> 800.86988
B20: 20 | C20: =FV(taxa_mensal,$B20*12,-aporte) -> 360565.61 | D20: =C20*taxa_mensal -> 2884.5249
B21: 30 | C21: =FV(taxa_mensal,$B21*12,-aporte) -> 1038206.6 | D21: =C21*taxa_mensal -> 8305.6529
B23: 3. E se eu investir 30% do salário?
B24: Aporte sugerido (30% do salário) | C24: =aporte_sugerido -> 1200
B25: Patrimônio no mesmo prazo | C25: =FV(taxa_mensal,anos*12,-aporte_sugerido) -> 240260.96
B26: Dividendos por mês | C26: =C25*taxa_mensal -> 1922.0877
B27: Diferença vs. seu aporte | C27: =C25-patrimonio -> 140152.23

Sheet Configuracoes
B2: ⚙ Configurações globais
B5: Variáveis (valores de EXEMPLO)
B6: Salário mensal | C6: 4000
B7: Rendimento mensal da carteira (taxa) | C7: 0.008
B8: Sugestão de aporte (% do salário) | C8: 0.3
B9: Aporte sugerido | C9: =salario*pct_sugestao -> 1200

Sheet Apoio
A1: Tabela de apoio — perfil × tipo de fundo (percentuais de exemplo, não é recomendação)
A3: Chave (perfil&tipo) | B3: Perfil | C3: Tipo de fundo | D3: % do aporte | F3: Perfis | G3: Soma % | I3: Tipos de fundo
A4: =B4&C4 -> ConservadorPapel (CRI/recebíveis) | B4: Conservador | C4: Papel (CRI/recebíveis) | D4: 0.35 | F4: Conservador | G4: =SUMIF($B$4:$B$21,F4,$D$4:$D$21) -> 1 | I4: Papel (CRI/recebíveis)
A5: =B5&C5 -> ConservadorTijolo - Lajes corporativas | B5: Conservador | C5: Tijolo - Lajes corporativas | D5: 0.1 | F5: Moderado | G5: =SUMIF($B$4:$B$21,F5,$D$4:$D$21) -> 1 | I5: Tijolo - Lajes corporativas
A6: =B6&C6 -> ConservadorLogística | B6: Conservador | C6: Logística | D6: 0.15 | F6: Arrojado | G6: =SUMIF($B$4:$B$21,F6,$D$4:$D$21) -> 1 | I6: Logística
A7: =B7&C7 -> ConservadorShoppings | B7: Conservador | C7: Shoppings | D7: 0.05 | I7: Shoppings
A8: =B8&C8 -> ConservadorFundo de Fundos (FoF) | B8: Conservador | C8: Fundo de Fundos (FoF) | D8: 0.2 | I8: Fundo de Fundos (FoF)
A9: =B9&C9 -> ConservadorHíbrido | B9: Conservador | C9: Híbrido | D9: 0.15 | I9: Híbrido
A10: =B10&C10 -> ModeradoPapel (CRI/recebíveis) | B10: Moderado | C10: Papel (CRI/recebíveis) | D10: 0.25
A11: =B11&C11 -> ModeradoTijolo - Lajes corporativas | B11: Moderado | C11: Tijolo - Lajes corporativas | D11: 0.15
A12: =B12&C12 -> ModeradoLogística | B12: Moderado | C12: Logística | D12: 0.2
A13: =B13&C13 -> ModeradoShoppings | B13: Moderado | C13: Shoppings | D13: 0.15
A14: =B14&C14 -> ModeradoFundo de Fundos (FoF) | B14: Moderado | C14: Fundo de Fundos (FoF) | D14: 0.15
A15: =B15&C15 -> ModeradoHíbrido | B15: Moderado | C15: Híbrido | D15: 0.1
A16: =B16&C16 -> ArrojadoPapel (CRI/recebíveis) | B16: Arrojado | C16: Papel (CRI/recebíveis) | D16: 0.1
A17: =B17&C17 -> ArrojadoTijolo - Lajes corporativas | B17: Arrojado | C17: Tijolo - Lajes corporativas | D17: 0.25
A18: =B18&C18 -> ArrojadoLogística | B18: Arrojado | C18: Logística | D18: 0.2
A19: =B19&C19 -> ArrojadoShoppings | B19: Arrojado | C19: Shoppings | D19: 0.25
A20: =B20&C20 -> ArrojadoFundo de Fundos (FoF) | B20: Arrojado | C20: Fundo de Fundos (FoF) | D20: 0.1
A21: =B21&C21 -> ArrojadoHíbrido | B21: Arrojado | C21: Híbrido | D21: 0.1
